text,description,status
this is test 1,description 1,1
this is test 2,description 2,0
this is test 3,description 3,1
this is test 4,description 4,0
this is test 5,description 5,1
this is test 6,description 6,0
this is test 7,description 7,1
this is test 8,description 8,0
this is test 9,description 9,1
this is test 10,description 10,0
this is test 11,description 11,1
this is test 12,description 12,0
this is test 13,description 13,1
this is test 14,description 14,0
this is test 15,description 15,1
this is test 16,description 16,0
this is test 17,description 17,1
this is test 18,description 18,0
this is test 19,description 19,1
this is test 20,description 20,0
this is test 21,description 21,1
this is test 22,description 22,0
this is test 23,description 23,1
this is test 24,description 24,0
this is test 25,description 25,1
this is test 26,description 26,0
this is test 27,description 27,1
this is test 28,description 28,0
this is test 29,description 29,1
this is test 30,description 30,0
this is test 31,description 31,1
this is test 32,description 32,0
this is test 33,description 33,1
this is test 34,description 34,0
this is test 35,description 35,1
this is test 36,description 36,0
this is test 37,description 37,1
this is test 38,description 38,0
this is test 39,description 39,1
this is test 40,description 40,0
this is test 41,description 41,1
this is test 42,description 42,0