SB-5887,Released to Prod,Belitsoft Tester, V_belitsoft
SB-5870,Released to Prod,Belitsoft Tester, Ir_belitsoft Site
SB-5867,Released to Prod,Belitsoft Tester, C_belitsoft IOS Site
SB-5865,Released to Prod,Belitsoft Tester, ANDROID C_belitsoft IOS Site
SB-5854,Released to Prod,Belitsoft Tester, V_belitsoft
SB-5833,Released to Prod,Belitsoft Tester, Ir_belitsoft Site
SB-5821,Released to Prod,Belitsoft Tester, I_belitsoft
SB-5814,Released to Prod,Belitsoft Tester, V_belitsoft
SB-5783,Released to Prod,Belitsoft Tester, V_belitsoft
SB-5766,Released to Prod,Belitsoft Tester, K_belitsoft site
SB-5727,Released to Prod,Belitsoft Tester, V_belitsoft
SB-5710,Released to Prod,Belitsoft Tester, I_belitsoft
SB-5683,Released to Prod,Belitsoft Tester, V_belitsoft
SB-5681,Released to Prod,Belitsoft Tester, V_belitsoft
SB-5669,Released to Prod,Belitsoft Tester, V_belitsoft
SB-5489,Released to Prod,Belitsoft Tester, V_belitsoft
SB-5477,Released to Prod,Belitsoft Tester, I_belitsoft
SB-5474,Released to Prod,Belitsoft Tester, C_belitsoft
SB-5460,Released to Prod,Belitsoft Tester, V_belitsoft
SB-5457,Released to Prod,Belitsoft Tester, Channels K_belitsoft
SB-5439,Released to Prod,Belitsoft Tester, I_belitsoft Inbox
SB-5427,Released to Prod,Belitsoft Tester, I_belitsoft
SB-5421,Released to Prod,Belitsoft Tester, V_belitsoft
SB-5391,Released to Prod,Belitsoft Tester, K_belitsoft Support Support_center
SB-5345,Released to Prod,Belitsoft Tester, Collaboration I_belitsoft Inbox dn
SB-5308,Released to Prod,Belitsoft Tester, Blocked I_belitsoft V_belitsoft
SB-5079,Released to Prod,Belitsoft Tester, I_belitsoft
SB-4733,Released to Prod,Belitsoft Tester, I_belitsoft Mobile
SB-4191,Released to Prod,Belitsoft Tester, Broadcast I_belitsoft