title,link
SNAPP-3762,https://issues.belitsoft.com/browse/SNAPP-3762
SNAPP-3670,https://issues.belitsoft.com/browse/SNAPP-3670
SNAPP-3416,https://issues.belitsoft.com/browse/SNAPP-3416
SNAPP-3754,https://issues.belitsoft.com/browse/SNAPP-3754
SNAPP-3844,https://issues.belitsoft.com/browse/SNAPP-3844
SNAPP-3881,https://issues.belitsoft.com/browse/SNAPP-3881
SNAPP-3800,https://issues.belitsoft.com/browse/SNAPP-3800
SNAPP-3182,https://issues.belitsoft.com/browse/SNAPP-3182
SNAPP-3590,https://issues.belitsoft.com/browse/SNAPP-3590
SNAPP-3275,https://issues.belitsoft.com/browse/SNAPP-3275
SNAPP-3765,https://issues.belitsoft.com/browse/SNAPP-3765
SNAPP-3832,https://issues.belitsoft.com/browse/SNAPP-3832
SNAPP-1782,https://issues.belitsoft.com/browse/SNAPP-1782
SNAPP-3216,https://issues.belitsoft.com/browse/SNAPP-3216
SNAPP-3277,https://issues.belitsoft.com/browse/SNAPP-3277
SNAPP-3281,https://issues.belitsoft.com/browse/SNAPP-3281
SNAPP-3301,https://issues.belitsoft.com/browse/SNAPP-3301
SNAPP-3327,https://issues.belitsoft.com/browse/SNAPP-3327
SNAPP-3557,https://issues.belitsoft.com/browse/SNAPP-3557
SNAPP-3565,https://issues.belitsoft.com/browse/SNAPP-3565
SNAPP-3575,https://issues.belitsoft.com/browse/SNAPP-3575
SNAPP-3592,https://issues.belitsoft.com/browse/SNAPP-3592
SNAPP-3612,https://issues.belitsoft.com/browse/SNAPP-3612
SNAPP-3616,https://issues.belitsoft.com/browse/SNAPP-3616
SNAPP-3642,https://issues.belitsoft.com/browse/SNAPP-3642
SNAPP-3716,https://issues.belitsoft.com/browse/SNAPP-3716
SNAPP-3760,https://issues.belitsoft.com/browse/SNAPP-3760
SNAPP-3763,https://issues.belitsoft.com/browse/SNAPP-3763
SNAPP-3764,https://issues.belitsoft.com/browse/SNAPP-3764
SNAPP-3795,https://issues.belitsoft.com/browse/SNAPP-3795
SNAPP-3831,https://issues.belitsoft.com/browse/SNAPP-3831
SNAPP-3834,https://issues.belitsoft.com/browse/SNAPP-3834
SNAPP-3846,https://issues.belitsoft.com/browse/SNAPP-3846
SNAPP-3848,https://issues.belitsoft.com/browse/SNAPP-3848
SNAPP-3849,https://issues.belitsoft.com/browse/SNAPP-3849
SNAPP-3863,https://issues.belitsoft.com/browse/SNAPP-3863
SNAPP-3865,https://issues.belitsoft.com/browse/SNAPP-3865