email,username
301_user_test@yopmail.com,301_user_test
302_user_test@yopmail.com,302_user_test
303_user_test@yopmail.com,303_user_test
304_user_test@yopmail.com,304_user_test
305_user_test@yopmail.com,305_user_test
306_user_test@yopmail.com,306_user_test
307_user_test@yopmail.com,307_user_test
308_user_test@yopmail.com,308_user_test
309_user_test@yopmail.com,309_user_test
310_user_test@yopmail.com,310_user_test
311_user_test@yopmail.com,311_user_test
312_user_test@yopmail.com,312_user_test
313_user_test@yopmail.com,313_user_test
314_user_test@yopmail.com,314_user_test
315_user_test@yopmail.com,315_user_test
316_user_test@yopmail.com,316_user_test
317_user_test@yopmail.com,317_user_test
318_user_test@yopmail.com,318_user_test
319_user_test@yopmail.com,319_user_test
320_user_test@yopmail.com,320_user_test
321_user_test@yopmail.com,321_user_test
322_user_test@yopmail.com,322_user_test
323_user_test@yopmail.com,323_user_test
324_user_test@yopmail.com,324_user_test
325_user_test@yopmail.com,325_user_test
326_user_test@yopmail.com,326_user_test
327_user_test@yopmail.com,327_user_test
328_user_test@yopmail.com,328_user_test
329_user_test@yopmail.com,329_user_test
330_user_test@yopmail.com,330_user_test
331_user_test@yopmail.com,331_user_test
332_user_test@yopmail.com,332_user_test
333_user_test@yopmail.com,333_user_test
334_user_test@yopmail.com,334_user_test
335_user_test@yopmail.com,335_user_test
336_user_test@yopmail.com,336_user_test
337_user_test@yopmail.com,337_user_test
338_user_test@yopmail.com,338_user_test
339_user_test@yopmail.com,339_user_test
340_user_test@yopmail.com,340_user_test
341_user_test@yopmail.com,341_user_test
342_user_test@yopmail.com,342_user_test
343_user_test@yopmail.com,343_user_test
344_user_test@yopmail.com,344_user_test
345_user_test@yopmail.com,345_user_test
346_user_test@yopmail.com,346_user_test
347_user_test@yopmail.com,347_user_test
348_user_test@yopmail.com,348_user_test
349_user_test@yopmail.com,349_user_test
350_user_test@yopmail.com,350_user_test
351_user_test@yopmail.com,351_user_test
352_user_test@yopmail.com,352_user_test
353_user_test@yopmail.com,353_user_test
354_user_test@yopmail.com,354_user_test
355_user_test@yopmail.com,355_user_test
356_user_test@yopmail.com,356_user_test
357_user_test@yopmail.com,357_user_test
358_user_test@yopmail.com,358_user_test
359_user_test@yopmail.com,359_user_test
360_user_test@yopmail.com,360_user_test
361_user_test@yopmail.com,361_user_test
362_user_test@yopmail.com,362_user_test
363_user_test@yopmail.com,363_user_test
364_user_test@yopmail.com,364_user_test
365_user_test@yopmail.com,365_user_test
366_user_test@yopmail.com,366_user_test
367_user_test@yopmail.com,367_user_test
368_user_test@yopmail.com,368_user_test
369_user_test@yopmail.com,369_user_test
370_user_test@yopmail.com,370_user_test
371_user_test@yopmail.com,371_user_test
372_user_test@yopmail.com,372_user_test
373_user_test@yopmail.com,373_user_test
374_user_test@yopmail.com,374_user_test
375_user_test@yopmail.com,375_user_test
376_user_test@yopmail.com,376_user_test
377_user_test@yopmail.com,377_user_test
378_user_test@yopmail.com,378_user_test
379_user_test@yopmail.com,379_user_test
380_user_test@yopmail.com,380_user_test
381_user_test@yopmail.com,381_user_test
382_user_test@yopmail.com,382_user_test
383_user_test@yopmail.com,383_user_test
384_user_test@yopmail.com,384_user_test
385_user_test@yopmail.com,385_user_test
386_user_test@yopmail.com,386_user_test
387_user_test@yopmail.com,387_user_test
388_user_test@yopmail.com,388_user_test
389_user_test@yopmail.com,389_user_test
390_user_test@yopmail.com,390_user_test
391_user_test@yopmail.com,391_user_test
392_user_test@yopmail.com,392_user_test
393_user_test@yopmail.com,393_user_test
394_user_test@yopmail.com,394_user_test
395_user_test@yopmail.com,395_user_test
396_user_test@yopmail.com,396_user_test
397_user_test@yopmail.com,397_user_test
398_user_test@yopmail.com,398_user_test
399_user_test@yopmail.com,399_user_test
400_user_test@yopmail.com,400_user_test
401_user_test@yopmail.com,401_user_test
402_user_test@yopmail.com,402_user_test
403_user_test@yopmail.com,403_user_test
404_user_test@yopmail.com,404_user_test
405_user_test@yopmail.com,405_user_test
406_user_test@yopmail.com,406_user_test
407_user_test@yopmail.com,407_user_test
408_user_test@yopmail.com,408_user_test
409_user_test@yopmail.com,409_user_test
410_user_test@yopmail.com,410_user_test
411_user_test@yopmail.com,411_user_test
412_user_test@yopmail.com,412_user_test
413_user_test@yopmail.com,413_user_test
414_user_test@yopmail.com,414_user_test
415_user_test@yopmail.com,415_user_test
416_user_test@yopmail.com,416_user_test
417_user_test@yopmail.com,417_user_test
418_user_test@yopmail.com,418_user_test
419_user_test@yopmail.com,419_user_test
420_user_test@yopmail.com,420_user_test
421_user_test@yopmail.com,421_user_test
422_user_test@yopmail.com,422_user_test
423_user_test@yopmail.com,423_user_test
424_user_test@yopmail.com,424_user_test
425_user_test@yopmail.com,425_user_test
426_user_test@yopmail.com,426_user_test
427_user_test@yopmail.com,427_user_test
428_user_test@yopmail.com,428_user_test
429_user_test@yopmail.com,429_user_test
430_user_test@yopmail.com,430_user_test
431_user_test@yopmail.com,431_user_test
432_user_test@yopmail.com,432_user_test
433_user_test@yopmail.com,433_user_test
434_user_test@yopmail.com,434_user_test
435_user_test@yopmail.com,435_user_test
436_user_test@yopmail.com,436_user_test
437_user_test@yopmail.com,437_user_test
438_user_test@yopmail.com,438_user_test
439_user_test@yopmail.com,439_user_test
440_user_test@yopmail.com,440_user_test
441_user_test@yopmail.com,441_user_test
442_user_test@yopmail.com,442_user_test
443_user_test@yopmail.com,443_user_test
444_user_test@yopmail.com,444_user_test
445_user_test@yopmail.com,445_user_test
446_user_test@yopmail.com,446_user_test
447_user_test@yopmail.com,447_user_test
448_user_test@yopmail.com,448_user_test
449_user_test@yopmail.com,449_user_test
450_user_test@yopmail.com,450_user_test
451_user_test@yopmail.com,451_user_test
452_user_test@yopmail.com,452_user_test
453_user_test@yopmail.com,453_user_test
454_user_test@yopmail.com,454_user_test
455_user_test@yopmail.com,455_user_test
456_user_test@yopmail.com,456_user_test
457_user_test@yopmail.com,457_user_test
458_user_test@yopmail.com,458_user_test
459_user_test@yopmail.com,459_user_test
460_user_test@yopmail.com,460_user_test
461_user_test@yopmail.com,461_user_test
462_user_test@yopmail.com,462_user_test
463_user_test@yopmail.com,463_user_test
464_user_test@yopmail.com,464_user_test
465_user_test@yopmail.com,465_user_test
466_user_test@yopmail.com,466_user_test
467_user_test@yopmail.com,467_user_test
468_user_test@yopmail.com,468_user_test
469_user_test@yopmail.com,469_user_test
470_user_test@yopmail.com,470_user_test
471_user_test@yopmail.com,471_user_test
472_user_test@yopmail.com,472_user_test
473_user_test@yopmail.com,473_user_test
474_user_test@yopmail.com,474_user_test
475_user_test@yopmail.com,475_user_test
476_user_test@yopmail.com,476_user_test
477_user_test@yopmail.com,477_user_test
478_user_test@yopmail.com,478_user_test
479_user_test@yopmail.com,479_user_test
480_user_test@yopmail.com,480_user_test
481_user_test@yopmail.com,481_user_test
482_user_test@yopmail.com,482_user_test
483_user_test@yopmail.com,483_user_test
484_user_test@yopmail.com,484_user_test
485_user_test@yopmail.com,485_user_test
486_user_test@yopmail.com,486_user_test
487_user_test@yopmail.com,487_user_test
488_user_test@yopmail.com,488_user_test
489_user_test@yopmail.com,489_user_test
490_user_test@yopmail.com,490_user_test
491_user_test@yopmail.com,491_user_test
492_user_test@yopmail.com,492_user_test
493_user_test@yopmail.com,493_user_test
494_user_test@yopmail.com,494_user_test
495_user_test@yopmail.com,495_user_test
496_user_test@yopmail.com,496_user_test
497_user_test@yopmail.com,497_user_test
498_user_test@yopmail.com,498_user_test
499_user_test@yopmail.com,499_user_test
500_user_test@yopmail.com,500_user_test
501_user_test@yopmail.com,501_user_test
502_user_test@yopmail.com,502_user_test
503_user_test@yopmail.com,503_user_test
504_user_test@yopmail.com,504_user_test
505_user_test@yopmail.com,505_user_test
506_user_test@yopmail.com,506_user_test
507_user_test@yopmail.com,507_user_test
508_user_test@yopmail.com,508_user_test
509_user_test@yopmail.com,509_user_test
510_user_test@yopmail.com,510_user_test
511_user_test@yopmail.com,511_user_test
512_user_test@yopmail.com,512_user_test
513_user_test@yopmail.com,513_user_test
514_user_test@yopmail.com,514_user_test
515_user_test@yopmail.com,515_user_test
516_user_test@yopmail.com,516_user_test
517_user_test@yopmail.com,517_user_test
518_user_test@yopmail.com,518_user_test
519_user_test@yopmail.com,519_user_test
520_user_test@yopmail.com,520_user_test
521_user_test@yopmail.com,521_user_test
522_user_test@yopmail.com,522_user_test
523_user_test@yopmail.com,523_user_test
524_user_test@yopmail.com,524_user_test
525_user_test@yopmail.com,525_user_test
526_user_test@yopmail.com,526_user_test
527_user_test@yopmail.com,527_user_test
528_user_test@yopmail.com,528_user_test
529_user_test@yopmail.com,529_user_test
530_user_test@yopmail.com,530_user_test
531_user_test@yopmail.com,531_user_test
532_user_test@yopmail.com,532_user_test
533_user_test@yopmail.com,533_user_test
534_user_test@yopmail.com,534_user_test
535_user_test@yopmail.com,535_user_test
536_user_test@yopmail.com,536_user_test
537_user_test@yopmail.com,537_user_test
538_user_test@yopmail.com,538_user_test
539_user_test@yopmail.com,539_user_test
540_user_test@yopmail.com,540_user_test
541_user_test@yopmail.com,541_user_test
542_user_test@yopmail.com,542_user_test
543_user_test@yopmail.com,543_user_test
544_user_test@yopmail.com,544_user_test
545_user_test@yopmail.com,545_user_test
546_user_test@yopmail.com,546_user_test
547_user_test@yopmail.com,547_user_test
548_user_test@yopmail.com,548_user_test
549_user_test@yopmail.com,549_user_test
550_user_test@yopmail.com,550_user_test
551_user_test@yopmail.com,551_user_test
552_user_test@yopmail.com,552_user_test
553_user_test@yopmail.com,553_user_test
554_user_test@yopmail.com,554_user_test
555_user_test@yopmail.com,555_user_test
556_user_test@yopmail.com,556_user_test
557_user_test@yopmail.com,557_user_test
558_user_test@yopmail.com,558_user_test
559_user_test@yopmail.com,559_user_test
560_user_test@yopmail.com,560_user_test
561_user_test@yopmail.com,561_user_test
562_user_test@yopmail.com,562_user_test
563_user_test@yopmail.com,563_user_test
564_user_test@yopmail.com,564_user_test
565_user_test@yopmail.com,565_user_test
566_user_test@yopmail.com,566_user_test
567_user_test@yopmail.com,567_user_test
568_user_test@yopmail.com,568_user_test
569_user_test@yopmail.com,569_user_test
570_user_test@yopmail.com,570_user_test
571_user_test@yopmail.com,571_user_test
572_user_test@yopmail.com,572_user_test
573_user_test@yopmail.com,573_user_test
574_user_test@yopmail.com,574_user_test
575_user_test@yopmail.com,575_user_test
576_user_test@yopmail.com,576_user_test
577_user_test@yopmail.com,577_user_test
578_user_test@yopmail.com,578_user_test
579_user_test@yopmail.com,579_user_test
580_user_test@yopmail.com,580_user_test
581_user_test@yopmail.com,581_user_test
582_user_test@yopmail.com,582_user_test
583_user_test@yopmail.com,583_user_test
584_user_test@yopmail.com,584_user_test
585_user_test@yopmail.com,585_user_test
586_user_test@yopmail.com,586_user_test
587_user_test@yopmail.com,587_user_test
588_user_test@yopmail.com,588_user_test
589_user_test@yopmail.com,589_user_test
590_user_test@yopmail.com,590_user_test
591_user_test@yopmail.com,591_user_test
592_user_test@yopmail.com,592_user_test
593_user_test@yopmail.com,593_user_test
594_user_test@yopmail.com,594_user_test
595_user_test@yopmail.com,595_user_test
596_user_test@yopmail.com,596_user_test
597_user_test@yopmail.com,597_user_test
598_user_test@yopmail.com,598_user_test
599_user_test@yopmail.com,599_user_test
600_user_test@yopmail.com,600_user_test
601_user_test@yopmail.com,601_user_test
602_user_test@yopmail.com,602_user_test
603_user_test@yopmail.com,603_user_test
604_user_test@yopmail.com,604_user_test
605_user_test@yopmail.com,605_user_test
606_user_test@yopmail.com,606_user_test
607_user_test@yopmail.com,607_user_test
608_user_test@yopmail.com,608_user_test
609_user_test@yopmail.com,609_user_test
610_user_test@yopmail.com,610_user_test
611_user_test@yopmail.com,611_user_test
612_user_test@yopmail.com,612_user_test
613_user_test@yopmail.com,613_user_test
614_user_test@yopmail.com,614_user_test
615_user_test@yopmail.com,615_user_test
616_user_test@yopmail.com,616_user_test
617_user_test@yopmail.com,617_user_test
618_user_test@yopmail.com,618_user_test
619_user_test@yopmail.com,619_user_test
620_user_test@yopmail.com,620_user_test
621_user_test@yopmail.com,621_user_test
622_user_test@yopmail.com,622_user_test
623_user_test@yopmail.com,623_user_test
624_user_test@yopmail.com,624_user_test
625_user_test@yopmail.com,625_user_test
626_user_test@yopmail.com,626_user_test
627_user_test@yopmail.com,627_user_test
628_user_test@yopmail.com,628_user_test
629_user_test@yopmail.com,629_user_test
630_user_test@yopmail.com,630_user_test
631_user_test@yopmail.com,631_user_test
632_user_test@yopmail.com,632_user_test
633_user_test@yopmail.com,633_user_test
634_user_test@yopmail.com,634_user_test
635_user_test@yopmail.com,635_user_test
636_user_test@yopmail.com,636_user_test
637_user_test@yopmail.com,637_user_test
638_user_test@yopmail.com,638_user_test
639_user_test@yopmail.com,639_user_test
640_user_test@yopmail.com,640_user_test
641_user_test@yopmail.com,641_user_test
642_user_test@yopmail.com,642_user_test
643_user_test@yopmail.com,643_user_test
644_user_test@yopmail.com,644_user_test
645_user_test@yopmail.com,645_user_test
646_user_test@yopmail.com,646_user_test
647_user_test@yopmail.com,647_user_test
648_user_test@yopmail.com,648_user_test
649_user_test@yopmail.com,649_user_test
650_user_test@yopmail.com,650_user_test
651_user_test@yopmail.com,651_user_test
652_user_test@yopmail.com,652_user_test
653_user_test@yopmail.com,653_user_test
654_user_test@yopmail.com,654_user_test
655_user_test@yopmail.com,655_user_test
656_user_test@yopmail.com,656_user_test
657_user_test@yopmail.com,657_user_test
658_user_test@yopmail.com,658_user_test
659_user_test@yopmail.com,659_user_test
660_user_test@yopmail.com,660_user_test
661_user_test@yopmail.com,661_user_test
662_user_test@yopmail.com,662_user_test
663_user_test@yopmail.com,663_user_test
664_user_test@yopmail.com,664_user_test
665_user_test@yopmail.com,665_user_test
666_user_test@yopmail.com,666_user_test
667_user_test@yopmail.com,667_user_test
668_user_test@yopmail.com,668_user_test
669_user_test@yopmail.com,669_user_test
670_user_test@yopmail.com,670_user_test
671_user_test@yopmail.com,671_user_test
672_user_test@yopmail.com,672_user_test
673_user_test@yopmail.com,673_user_test
674_user_test@yopmail.com,674_user_test
675_user_test@yopmail.com,675_user_test
676_user_test@yopmail.com,676_user_test
677_user_test@yopmail.com,677_user_test
678_user_test@yopmail.com,678_user_test
679_user_test@yopmail.com,679_user_test
680_user_test@yopmail.com,680_user_test
681_user_test@yopmail.com,681_user_test
682_user_test@yopmail.com,682_user_test
683_user_test@yopmail.com,683_user_test
684_user_test@yopmail.com,684_user_test
685_user_test@yopmail.com,685_user_test
686_user_test@yopmail.com,686_user_test
687_user_test@yopmail.com,687_user_test
688_user_test@yopmail.com,688_user_test
689_user_test@yopmail.com,689_user_test
690_user_test@yopmail.com,690_user_test
691_user_test@yopmail.com,691_user_test
692_user_test@yopmail.com,692_user_test
693_user_test@yopmail.com,693_user_test
694_user_test@yopmail.com,694_user_test
695_user_test@yopmail.com,695_user_test
696_user_test@yopmail.com,696_user_test
697_user_test@yopmail.com,697_user_test
698_user_test@yopmail.com,698_user_test
699_user_test@yopmail.com,699_user_test
700_user_test@yopmail.com,700_user_test
701_user_test@yopmail.com,701_user_test
702_user_test@yopmail.com,702_user_test
703_user_test@yopmail.com,703_user_test
704_user_test@yopmail.com,704_user_test
705_user_test@yopmail.com,705_user_test
706_user_test@yopmail.com,706_user_test
707_user_test@yopmail.com,707_user_test
708_user_test@yopmail.com,708_user_test
709_user_test@yopmail.com,709_user_test
710_user_test@yopmail.com,710_user_test
711_user_test@yopmail.com,711_user_test
712_user_test@yopmail.com,712_user_test
713_user_test@yopmail.com,713_user_test
714_user_test@yopmail.com,714_user_test
715_user_test@yopmail.com,715_user_test
716_user_test@yopmail.com,716_user_test
717_user_test@yopmail.com,717_user_test
718_user_test@yopmail.com,718_user_test
719_user_test@yopmail.com,719_user_test
720_user_test@yopmail.com,720_user_test
721_user_test@yopmail.com,721_user_test
722_user_test@yopmail.com,722_user_test
723_user_test@yopmail.com,723_user_test
724_user_test@yopmail.com,724_user_test
725_user_test@yopmail.com,725_user_test
726_user_test@yopmail.com,726_user_test
727_user_test@yopmail.com,727_user_test
728_user_test@yopmail.com,728_user_test
729_user_test@yopmail.com,729_user_test
730_user_test@yopmail.com,730_user_test
731_user_test@yopmail.com,731_user_test
732_user_test@yopmail.com,732_user_test
733_user_test@yopmail.com,733_user_test
734_user_test@yopmail.com,734_user_test
735_user_test@yopmail.com,735_user_test
736_user_test@yopmail.com,736_user_test
737_user_test@yopmail.com,737_user_test
738_user_test@yopmail.com,738_user_test
739_user_test@yopmail.com,739_user_test
740_user_test@yopmail.com,740_user_test
741_user_test@yopmail.com,741_user_test
742_user_test@yopmail.com,742_user_test
743_user_test@yopmail.com,743_user_test
744_user_test@yopmail.com,744_user_test
745_user_test@yopmail.com,745_user_test
746_user_test@yopmail.com,746_user_test
747_user_test@yopmail.com,747_user_test
748_user_test@yopmail.com,748_user_test
749_user_test@yopmail.com,749_user_test
750_user_test@yopmail.com,750_user_test
751_user_test@yopmail.com,751_user_test
752_user_test@yopmail.com,752_user_test
753_user_test@yopmail.com,753_user_test
754_user_test@yopmail.com,754_user_test
755_user_test@yopmail.com,755_user_test
756_user_test@yopmail.com,756_user_test
757_user_test@yopmail.com,757_user_test
758_user_test@yopmail.com,758_user_test
759_user_test@yopmail.com,759_user_test
760_user_test@yopmail.com,760_user_test
761_user_test@yopmail.com,761_user_test
762_user_test@yopmail.com,762_user_test
763_user_test@yopmail.com,763_user_test
764_user_test@yopmail.com,764_user_test
765_user_test@yopmail.com,765_user_test
766_user_test@yopmail.com,766_user_test
767_user_test@yopmail.com,767_user_test
768_user_test@yopmail.com,768_user_test
769_user_test@yopmail.com,769_user_test
770_user_test@yopmail.com,770_user_test
771_user_test@yopmail.com,771_user_test
772_user_test@yopmail.com,772_user_test
773_user_test@yopmail.com,773_user_test
774_user_test@yopmail.com,774_user_test
775_user_test@yopmail.com,775_user_test
776_user_test@yopmail.com,776_user_test
777_user_test@yopmail.com,777_user_test
778_user_test@yopmail.com,778_user_test
779_user_test@yopmail.com,779_user_test
780_user_test@yopmail.com,780_user_test
781_user_test@yopmail.com,781_user_test
782_user_test@yopmail.com,782_user_test
783_user_test@yopmail.com,783_user_test
784_user_test@yopmail.com,784_user_test
785_user_test@yopmail.com,785_user_test
786_user_test@yopmail.com,786_user_test
787_user_test@yopmail.com,787_user_test
788_user_test@yopmail.com,788_user_test
789_user_test@yopmail.com,789_user_test
790_user_test@yopmail.com,790_user_test
791_user_test@yopmail.com,791_user_test
792_user_test@yopmail.com,792_user_test
793_user_test@yopmail.com,793_user_test
794_user_test@yopmail.com,794_user_test
795_user_test@yopmail.com,795_user_test
796_user_test@yopmail.com,796_user_test
797_user_test@yopmail.com,797_user_test
798_user_test@yopmail.com,798_user_test
799_user_test@yopmail.com,799_user_test
800_user_test@yopmail.com,800_user_test
801_user_test@yopmail.com,801_user_test
802_user_test@yopmail.com,802_user_test
803_user_test@yopmail.com,803_user_test
804_user_test@yopmail.com,804_user_test
805_user_test@yopmail.com,805_user_test
806_user_test@yopmail.com,806_user_test
807_user_test@yopmail.com,807_user_test
808_user_test@yopmail.com,808_user_test
809_user_test@yopmail.com,809_user_test
810_user_test@yopmail.com,810_user_test
811_user_test@yopmail.com,811_user_test
812_user_test@yopmail.com,812_user_test
813_user_test@yopmail.com,813_user_test
814_user_test@yopmail.com,814_user_test
815_user_test@yopmail.com,815_user_test
816_user_test@yopmail.com,816_user_test
817_user_test@yopmail.com,817_user_test
818_user_test@yopmail.com,818_user_test
819_user_test@yopmail.com,819_user_test
820_user_test@yopmail.com,820_user_test
821_user_test@yopmail.com,821_user_test
822_user_test@yopmail.com,822_user_test
823_user_test@yopmail.com,823_user_test
824_user_test@yopmail.com,824_user_test
825_user_test@yopmail.com,825_user_test
826_user_test@yopmail.com,826_user_test
827_user_test@yopmail.com,827_user_test
828_user_test@yopmail.com,828_user_test
829_user_test@yopmail.com,829_user_test
830_user_test@yopmail.com,830_user_test
831_user_test@yopmail.com,831_user_test
832_user_test@yopmail.com,832_user_test
833_user_test@yopmail.com,833_user_test
834_user_test@yopmail.com,834_user_test
835_user_test@yopmail.com,835_user_test
836_user_test@yopmail.com,836_user_test
837_user_test@yopmail.com,837_user_test
838_user_test@yopmail.com,838_user_test
839_user_test@yopmail.com,839_user_test
840_user_test@yopmail.com,840_user_test
841_user_test@yopmail.com,841_user_test
842_user_test@yopmail.com,842_user_test
843_user_test@yopmail.com,843_user_test
844_user_test@yopmail.com,844_user_test
845_user_test@yopmail.com,845_user_test
846_user_test@yopmail.com,846_user_test
847_user_test@yopmail.com,847_user_test
848_user_test@yopmail.com,848_user_test
849_user_test@yopmail.com,849_user_test
850_user_test@yopmail.com,850_user_test
851_user_test@yopmail.com,851_user_test
852_user_test@yopmail.com,852_user_test
853_user_test@yopmail.com,853_user_test
854_user_test@yopmail.com,854_user_test
855_user_test@yopmail.com,855_user_test
856_user_test@yopmail.com,856_user_test
857_user_test@yopmail.com,857_user_test
858_user_test@yopmail.com,858_user_test
859_user_test@yopmail.com,859_user_test
860_user_test@yopmail.com,860_user_test
861_user_test@yopmail.com,861_user_test
862_user_test@yopmail.com,862_user_test
863_user_test@yopmail.com,863_user_test
864_user_test@yopmail.com,864_user_test
865_user_test@yopmail.com,865_user_test
866_user_test@yopmail.com,866_user_test
867_user_test@yopmail.com,867_user_test
868_user_test@yopmail.com,868_user_test
869_user_test@yopmail.com,869_user_test
870_user_test@yopmail.com,870_user_test
871_user_test@yopmail.com,871_user_test
872_user_test@yopmail.com,872_user_test
873_user_test@yopmail.com,873_user_test
874_user_test@yopmail.com,874_user_test
875_user_test@yopmail.com,875_user_test
876_user_test@yopmail.com,876_user_test
877_user_test@yopmail.com,877_user_test
878_user_test@yopmail.com,878_user_test
879_user_test@yopmail.com,879_user_test
880_user_test@yopmail.com,880_user_test
881_user_test@yopmail.com,881_user_test
882_user_test@yopmail.com,882_user_test
883_user_test@yopmail.com,883_user_test
884_user_test@yopmail.com,884_user_test
885_user_test@yopmail.com,885_user_test
886_user_test@yopmail.com,886_user_test
887_user_test@yopmail.com,887_user_test
888_user_test@yopmail.com,888_user_test
889_user_test@yopmail.com,889_user_test
890_user_test@yopmail.com,890_user_test
891_user_test@yopmail.com,891_user_test
892_user_test@yopmail.com,892_user_test
893_user_test@yopmail.com,893_user_test
894_user_test@yopmail.com,894_user_test
895_user_test@yopmail.com,895_user_test
896_user_test@yopmail.com,896_user_test
897_user_test@yopmail.com,897_user_test
898_user_test@yopmail.com,898_user_test
899_user_test@yopmail.com,899_user_test
900_user_test@yopmail.com,900_user_test
901_user_test@yopmail.com,901_user_test
902_user_test@yopmail.com,902_user_test
903_user_test@yopmail.com,903_user_test
904_user_test@yopmail.com,904_user_test
905_user_test@yopmail.com,905_user_test
906_user_test@yopmail.com,906_user_test
907_user_test@yopmail.com,907_user_test
908_user_test@yopmail.com,908_user_test
909_user_test@yopmail.com,909_user_test
910_user_test@yopmail.com,910_user_test
911_user_test@yopmail.com,911_user_test
912_user_test@yopmail.com,912_user_test
913_user_test@yopmail.com,913_user_test
914_user_test@yopmail.com,914_user_test
915_user_test@yopmail.com,915_user_test
916_user_test@yopmail.com,916_user_test
917_user_test@yopmail.com,917_user_test
918_user_test@yopmail.com,918_user_test
919_user_test@yopmail.com,919_user_test
920_user_test@yopmail.com,920_user_test
921_user_test@yopmail.com,921_user_test
922_user_test@yopmail.com,922_user_test
923_user_test@yopmail.com,923_user_test
924_user_test@yopmail.com,924_user_test
925_user_test@yopmail.com,925_user_test
926_user_test@yopmail.com,926_user_test
927_user_test@yopmail.com,927_user_test
928_user_test@yopmail.com,928_user_test
929_user_test@yopmail.com,929_user_test
930_user_test@yopmail.com,930_user_test
931_user_test@yopmail.com,931_user_test
932_user_test@yopmail.com,932_user_test
933_user_test@yopmail.com,933_user_test
934_user_test@yopmail.com,934_user_test
935_user_test@yopmail.com,935_user_test
936_user_test@yopmail.com,936_user_test
937_user_test@yopmail.com,937_user_test
938_user_test@yopmail.com,938_user_test
939_user_test@yopmail.com,939_user_test
940_user_test@yopmail.com,940_user_test
941_user_test@yopmail.com,941_user_test
942_user_test@yopmail.com,942_user_test
943_user_test@yopmail.com,943_user_test
944_user_test@yopmail.com,944_user_test
945_user_test@yopmail.com,945_user_test
946_user_test@yopmail.com,946_user_test
947_user_test@yopmail.com,947_user_test
948_user_test@yopmail.com,948_user_test
949_user_test@yopmail.com,949_user_test
950_user_test@yopmail.com,950_user_test
951_user_test@yopmail.com,951_user_test
952_user_test@yopmail.com,952_user_test
953_user_test@yopmail.com,953_user_test
954_user_test@yopmail.com,954_user_test
955_user_test@yopmail.com,955_user_test
956_user_test@yopmail.com,956_user_test
957_user_test@yopmail.com,957_user_test
958_user_test@yopmail.com,958_user_test
959_user_test@yopmail.com,959_user_test
960_user_test@yopmail.com,960_user_test
961_user_test@yopmail.com,961_user_test
962_user_test@yopmail.com,962_user_test
963_user_test@yopmail.com,963_user_test
964_user_test@yopmail.com,964_user_test
965_user_test@yopmail.com,965_user_test
966_user_test@yopmail.com,966_user_test
967_user_test@yopmail.com,967_user_test
968_user_test@yopmail.com,968_user_test
969_user_test@yopmail.com,969_user_test
970_user_test@yopmail.com,970_user_test
971_user_test@yopmail.com,971_user_test
972_user_test@yopmail.com,972_user_test
973_user_test@yopmail.com,973_user_test
974_user_test@yopmail.com,974_user_test
975_user_test@yopmail.com,975_user_test
976_user_test@yopmail.com,976_user_test
977_user_test@yopmail.com,977_user_test
978_user_test@yopmail.com,978_user_test
979_user_test@yopmail.com,979_user_test
980_user_test@yopmail.com,980_user_test
981_user_test@yopmail.com,981_user_test
982_user_test@yopmail.com,982_user_test
983_user_test@yopmail.com,983_user_test
984_user_test@yopmail.com,984_user_test
985_user_test@yopmail.com,985_user_test
986_user_test@yopmail.com,986_user_test
987_user_test@yopmail.com,987_user_test
988_user_test@yopmail.com,988_user_test
989_user_test@yopmail.com,989_user_test
990_user_test@yopmail.com,990_user_test
991_user_test@yopmail.com,991_user_test
992_user_test@yopmail.com,992_user_test
993_user_test@yopmail.com,993_user_test
994_user_test@yopmail.com,994_user_test
995_user_test@yopmail.com,995_user_test
996_user_test@yopmail.com,996_user_test
997_user_test@yopmail.com,997_user_test
998_user_test@yopmail.com,998_user_test
999_user_test@yopmail.com,999_user_test
1000_user_test@yopmail.com,1000_user_test