link,email
http://test.sportstation.fit/#/confirm-registration?code=dfcf9913-d574-473d-bd43-f3470e8a0e94&email=1_user_test@yopmail.com&lang=en,1_user_test@yopmail.com
http://test.sportstation.fit/#/confirm-registration?code=282e2e6d-7c0d-421f-9780-48dd9fbd7efb&email=2_user_test@yopmail.com&lang=en,2_user_test@yopmail.com
http://test.sportstation.fit/#/confirm-registration?code=66354f12-8084-47b1-80d5-da2dba616821&email=3_user_test@yopmail.com&lang=en,3_user_test@yopmail.com
http://test.sportstation.fit/#/confirm-registration?code=b98c143a-141d-4bbc-a5a0-f443022f1ad5&email=4_user_test@yopmail.com&lang=en,4_user_test@yopmail.com
http://test.sportstation.fit/#/confirm-registration?code=34b6c0a2-cc44-41a6-8490-f2cb167f1150&email=5_user_test@yopmail.com&lang=en,5_user_test@yopmail.com
http://test.sportstation.fit/#/confirm-registration?code=38f97f19-a341-447b-a78d-c250ad3c3589&email=6_user_test@yopmail.com&lang=en,6_user_test@yopmail.com
http://test.sportstation.fit/#/confirm-registration?code=d3951470-3cab-49b7-904b-8fa2450cbec1&email=7_user_test@yopmail.com&lang=en,7_user_test@yopmail.com
http://test.sportstation.fit/#/confirm-registration?code=1762f280-4196-4ecf-872f-4aa87322b487&email=8_user_test@yopmail.com&lang=en,8_user_test@yopmail.com
http://test.sportstation.fit/#/confirm-registration?code=bf0a4e2b-1ecc-4159-a3c7-907e89d6616b&email=9_user_test@yopmail.com&lang=en,9_user_test@yopmail.com
http://test.sportstation.fit/#/confirm-registration?code=e8d13515-f555-4a22-843f-ac32bc03a892&email=10_user_test@yopmail.com&lang=en,10_user_test@yopmail.com
http://test.sportstation.fit/#/confirm-registration?code=e51f7ab1-9a2c-4ea4-98cc-0a76a6238690&email=11_user_test@yopmail.com&lang=en,11_user_test@yopmail.com
http://test.sportstation.fit/#/confirm-registration?code=a26e1f03-5581-409c-b1e3-6f3f41a7084a&email=12_user_test@yopmail.com&lang=en,12_user_test@yopmail.com
http://test.sportstation.fit/#/confirm-registration?code=2612d090-020e-4256-bd5b-5708ca215d6b&email=13_user_test@yopmail.com&lang=en,13_user_test@yopmail.com
http://test.sportstation.fit/#/confirm-registration?code=94c60b3e-4508-4f97-956e-b0d8ea169785&email=14_user_test@yopmail.com&lang=en,14_user_test@yopmail.com
http://test.sportstation.fit/#/confirm-registration?code=de1c03ff-3281-4ca3-8ee7-819caa8db2c1&email=15_user_test@yopmail.com&lang=en,15_user_test@yopmail.com
http://test.sportstation.fit/#/confirm-registration?code=ac04373b-cfee-4292-9e98-9c47ee93730a&email=16_user_test@yopmail.com&lang=en,16_user_test@yopmail.com
http://test.sportstation.fit/#/confirm-registration?code=1784bb6e-62fe-4c2e-be20-5e5f88ae96f3&email=17_user_test@yopmail.com&lang=en,17_user_test@yopmail.com
http://test.sportstation.fit/#/confirm-registration?code=ef499654-2f22-43ad-b149-76113f467eb0&email=18_user_test@yopmail.com&lang=en,18_user_test@yopmail.com
http://test.sportstation.fit/#/confirm-registration?code=ff3fcdbf-39bd-43e4-9fd5-5bcebea3af67&email=19_user_test@yopmail.com&lang=en,19_user_test@yopmail.com
http://test.sportstation.fit/#/confirm-registration?code=62d17449-c6bf-4a03-966b-b47dc77c9be5&email=20_user_test@yopmail.com&lang=en,20_user_test@yopmail.com
http://test.sportstation.fit/#/confirm-registration?code=1b5182df-9586-41db-a4d5-a6e35f0d7c73&email=21_user_test@yopmail.com&lang=en,21_user_test@yopmail.com
http://test.sportstation.fit/#/confirm-registration?code=a9d6e9b7-7aa4-47e7-924f-0dc1d59f1402&email=22_user_test@yopmail.com&lang=en,22_user_test@yopmail.com
http://test.sportstation.fit/#/confirm-registration?code=4ec3928a-f4f8-4aaf-a3cd-a3c4a789281b&email=23_user_test@yopmail.com&lang=en,23_user_test@yopmail.com
http://test.sportstation.fit/#/confirm-registration?code=3066cf2c-67cd-4867-9af6-35635c5186ac&email=24_user_test@yopmail.com&lang=en,24_user_test@yopmail.com
http://test.sportstation.fit/#/confirm-registration?code=ef7b700a-b058-4ca0-ab7d-11358c0a6cea&email=25_user_test@yopmail.com&lang=en,25_user_test@yopmail.com
http://test.sportstation.fit/#/confirm-registration?code=a59152e9-4e1b-45f6-bf63-2a3880cda2e4&email=26_user_test@yopmail.com&lang=en,26_user_test@yopmail.com
http://test.sportstation.fit/#/confirm-registration?code=a1e57304-3d61-478b-a976-ea0513957f50&email=27_user_test@yopmail.com&lang=en,27_user_test@yopmail.com
http://test.sportstation.fit/#/confirm-registration?code=e003b9c1-27ed-4732-8261-ba9e29abed47&email=28_user_test@yopmail.com&lang=en,28_user_test@yopmail.com
http://test.sportstation.fit/#/confirm-registration?code=ce2e30d3-c78f-4166-813a-a817842281ec&email=29_user_test@yopmail.com&lang=en,29_user_test@yopmail.com
http://test.sportstation.fit/#/confirm-registration?code=8b0affcb-f4d7-4b87-a7ad-80e0d9322111&email=30_user_test@yopmail.com&lang=en,30_user_test@yopmail.com
http://test.sportstation.fit/#/confirm-registration?code=f2538fc0-1553-4fbb-8da7-507513ecb1eb&email=31_user_test@yopmail.com&lang=en,31_user_test@yopmail.com
http://test.sportstation.fit/#/confirm-registration?code=d5013198-f5d8-4792-8deb-511936a3306f&email=32_user_test@yopmail.com&lang=en,32_user_test@yopmail.com
http://test.sportstation.fit/#/confirm-registration?code=f34de88b-cf9b-4711-90c5-e280e623e24a&email=33_user_test@yopmail.com&lang=en,33_user_test@yopmail.com
http://test.sportstation.fit/#/confirm-registration?code=de7193fc-f806-43ce-a394-ede4ebabaf64&email=34_user_test@yopmail.com&lang=en,34_user_test@yopmail.com
http://test.sportstation.fit/#/confirm-registration?code=a5f3608d-15b8-4edc-b093-a7d87fa81533&email=35_user_test@yopmail.com&lang=en,35_user_test@yopmail.com
http://test.sportstation.fit/#/confirm-registration?code=48a05fdc-618f-4cfa-8ebb-ec07596f6ed2&email=36_user_test@yopmail.com&lang=en,36_user_test@yopmail.com
http://test.sportstation.fit/#/confirm-registration?code=9e6ff6ce-c905-4b73-9dbf-752810aad5b3&email=37_user_test@yopmail.com&lang=en,37_user_test@yopmail.com
http://test.sportstation.fit/#/confirm-registration?code=005af4ef-ff87-4a3f-903b-5deae267126d&email=38_user_test@yopmail.com&lang=en,38_user_test@yopmail.com
http://test.sportstation.fit/#/confirm-registration?code=385da938-8100-4545-81a1-8b1569c69c23&email=39_user_test@yopmail.com&lang=en,39_user_test@yopmail.com
http://test.sportstation.fit/#/confirm-registration?code=0497e8b2-1d18-4b66-9589-e716173d5098&email=40_user_test@yopmail.com&lang=en,40_user_test@yopmail.com
http://test.sportstation.fit/#/confirm-registration?code=f896373f-22d4-40b0-bbcb-5bbf0fc42a71&email=41_user_test@yopmail.com&lang=en,41_user_test@yopmail.com
http://test.sportstation.fit/#/confirm-registration?code=6fd668f0-60da-4eee-b408-16bbf8ef220b&email=42_user_test@yopmail.com&lang=en,42_user_test@yopmail.com
http://test.sportstation.fit/#/confirm-registration?code=71f1c8c0-23b8-4c5d-ae9c-5481c9845baf&email=43_user_test@yopmail.com&lang=en,43_user_test@yopmail.com
http://test.sportstation.fit/#/confirm-registration?code=825f61e9-b42f-402e-bedd-9bccf59976f7&email=44_user_test@yopmail.com&lang=en,44_user_test@yopmail.com
http://test.sportstation.fit/#/confirm-registration?code=87391ea9-f655-4c66-905d-29366cabb4c3&email=45_user_test@yopmail.com&lang=en,45_user_test@yopmail.com
http://test.sportstation.fit/#/confirm-registration?code=14d8f25e-5619-46d2-9434-330a4ab72354&email=46_user_test@yopmail.com&lang=en,46_user_test@yopmail.com
http://test.sportstation.fit/#/confirm-registration?code=a872baaa-25b5-43f5-8536-ba0e964b0bff&email=47_user_test@yopmail.com&lang=en,47_user_test@yopmail.com
http://test.sportstation.fit/#/confirm-registration?code=bb77b131-b429-411c-beb1-2f43fafee7af&email=48_user_test@yopmail.com&lang=en,48_user_test@yopmail.com
http://test.sportstation.fit/#/confirm-registration?code=85d01e77-db4c-49c6-8d80-71f5f5054d87&email=49_user_test@yopmail.com&lang=en,49_user_test@yopmail.com
http://test.sportstation.fit/#/confirm-registration?code=0553de83-acb8-4065-8422-b1c5eae9824a&email=50_user_test@yopmail.com&lang=en,50_user_test@yopmail.com
http://test.sportstation.fit/#/confirm-registration?code=b4847514-27f2-421e-8187-5f697cda8cd6&email=51_user_test@yopmail.com&lang=en,51_user_test@yopmail.com
http://test.sportstation.fit/#/confirm-registration?code=63208b3b-3ad8-4b48-bdd6-171c503df734&email=52_user_test@yopmail.com&lang=en,52_user_test@yopmail.com
http://test.sportstation.fit/#/confirm-registration?code=e0bb1865-a828-4fa0-a28e-742ae5042d99&email=53_user_test@yopmail.com&lang=en,53_user_test@yopmail.com
http://test.sportstation.fit/#/confirm-registration?code=49aa0858-aeee-4211-8b78-f663dab3d739&email=54_user_test@yopmail.com&lang=en,54_user_test@yopmail.com
http://test.sportstation.fit/#/confirm-registration?code=ddb4fce2-7382-49a8-bfe4-b6eec7942feb&email=55_user_test@yopmail.com&lang=en,55_user_test@yopmail.com
http://test.sportstation.fit/#/confirm-registration?code=d616183e-562c-4fab-918e-052e10000e14&email=56_user_test@yopmail.com&lang=en,56_user_test@yopmail.com
http://test.sportstation.fit/#/confirm-registration?code=3e117ae8-d8b3-4a37-9e80-a9560b98968f&email=57_user_test@yopmail.com&lang=en,57_user_test@yopmail.com
http://test.sportstation.fit/#/confirm-registration?code=d1dd5b8b-8104-48fd-8fcf-fb87949d53e5&email=58_user_test@yopmail.com&lang=en,58_user_test@yopmail.com
http://test.sportstation.fit/#/confirm-registration?code=c04ad70c-104d-4f1d-9092-b079e46ff889&email=59_user_test@yopmail.com&lang=en,59_user_test@yopmail.com
http://test.sportstation.fit/#/confirm-registration?code=5d19c708-6dfa-452d-a458-67874e02c0a3&email=60_user_test@yopmail.com&lang=en,60_user_test@yopmail.com
http://test.sportstation.fit/#/confirm-registration?code=75c3fd9f-e75b-4e09-a07d-1cf80f97178f&email=61_user_test@yopmail.com&lang=en,61_user_test@yopmail.com
http://test.sportstation.fit/#/confirm-registration?code=417fd53a-8eb8-4c66-8df5-aeee4c2fe480&email=62_user_test@yopmail.com&lang=en,62_user_test@yopmail.com
http://test.sportstation.fit/#/confirm-registration?code=3a2e2442-d752-4d28-ae2a-9edf7f1c9df2&email=63_user_test@yopmail.com&lang=en,63_user_test@yopmail.com
http://test.sportstation.fit/#/confirm-registration?code=6b0f1585-9ce1-48a4-aa5f-3faf6a1aa476&email=64_user_test@yopmail.com&lang=en,64_user_test@yopmail.com
http://test.sportstation.fit/#/confirm-registration?code=ebeaa43f-707a-4b33-92c8-c66e27c168ed&email=65_user_test@yopmail.com&lang=en,65_user_test@yopmail.com
http://test.sportstation.fit/#/confirm-registration?code=88bb9b92-f185-494d-bec8-ebc9785147df&email=66_user_test@yopmail.com&lang=en,66_user_test@yopmail.com
http://test.sportstation.fit/#/confirm-registration?code=b9e83d57-5424-4303-aae8-b77dcc185bfe&email=67_user_test@yopmail.com&lang=en,67_user_test@yopmail.com
http://test.sportstation.fit/#/confirm-registration?code=2eb50b19-4562-4d55-ab28-8ab26688ee29&email=68_user_test@yopmail.com&lang=en,68_user_test@yopmail.com
http://test.sportstation.fit/#/confirm-registration?code=a1906546-ff5d-477f-abaf-dc5261f55156&email=69_user_test@yopmail.com&lang=en,69_user_test@yopmail.com
http://test.sportstation.fit/#/confirm-registration?code=5c60e147-dc61-400f-af9b-b59e39e54004&email=70_user_test@yopmail.com&lang=en,70_user_test@yopmail.com
http://test.sportstation.fit/#/confirm-registration?code=68b1a52f-3705-4efe-b16d-db8876e65331&email=71_user_test@yopmail.com&lang=en,71_user_test@yopmail.com
http://test.sportstation.fit/#/confirm-registration?code=2d18b0e9-9bd5-46c5-b4f6-6ddaeae8d28f&email=72_user_test@yopmail.com&lang=en,72_user_test@yopmail.com
http://test.sportstation.fit/#/confirm-registration?code=8f212f6f-6c2b-43c6-89f8-5880e18120d9&email=73_user_test@yopmail.com&lang=en,73_user_test@yopmail.com
http://test.sportstation.fit/#/confirm-registration?code=30bf08ce-8123-470b-bf42-0047daaeb476&email=74_user_test@yopmail.com&lang=en,74_user_test@yopmail.com
http://test.sportstation.fit/#/confirm-registration?code=488aa733-7b21-4299-93db-f97e41834104&email=75_user_test@yopmail.com&lang=en,75_user_test@yopmail.com
http://test.sportstation.fit/#/confirm-registration?code=468b42c9-722b-45c4-83e2-abd56b31f0bd&email=76_user_test@yopmail.com&lang=en,76_user_test@yopmail.com
http://test.sportstation.fit/#/confirm-registration?code=8b57ed28-9ca8-4950-b0b1-2c25e6be1a31&email=77_user_test@yopmail.com&lang=en,77_user_test@yopmail.com
http://test.sportstation.fit/#/confirm-registration?code=cd9ff10c-bce4-4e8c-a7c1-3e2dba25dd9b&email=78_user_test@yopmail.com&lang=en,78_user_test@yopmail.com
http://test.sportstation.fit/#/confirm-registration?code=bac142d5-19b3-4fa8-aa9a-2a3d8aaaf736&email=79_user_test@yopmail.com&lang=en,79_user_test@yopmail.com
http://test.sportstation.fit/#/confirm-registration?code=50b158ea-f5a9-43cc-bcdc-c92d1a2b0189&email=80_user_test@yopmail.com&lang=en,80_user_test@yopmail.com
http://test.sportstation.fit/#/confirm-registration?code=faaea6b1-ff31-4ec4-90f4-6e967acf0970&email=81_user_test@yopmail.com&lang=en,81_user_test@yopmail.com
http://test.sportstation.fit/#/confirm-registration?code=7d9acf6d-3a15-4ad2-ad0e-1b76cb569260&email=82_user_test@yopmail.com&lang=en,82_user_test@yopmail.com
http://test.sportstation.fit/#/confirm-registration?code=59b1c37c-d4b4-47e8-8ab9-28c4d7bf6978&email=83_user_test@yopmail.com&lang=en,83_user_test@yopmail.com
http://test.sportstation.fit/#/confirm-registration?code=a61dbed6-1004-43b3-9dc1-5b65ac15bff6&email=84_user_test@yopmail.com&lang=en,84_user_test@yopmail.com
http://test.sportstation.fit/#/confirm-registration?code=df23e4b1-5f26-460e-bcc5-2f70e67c01eb&email=85_user_test@yopmail.com&lang=en,85_user_test@yopmail.com
http://test.sportstation.fit/#/confirm-registration?code=f7161ca2-1562-4e8f-993e-8861671cf12b&email=86_user_test@yopmail.com&lang=en,86_user_test@yopmail.com
http://test.sportstation.fit/#/confirm-registration?code=e86df58b-499b-4f67-9b28-0ef59d3eb306&email=87_user_test@yopmail.com&lang=en,87_user_test@yopmail.com
http://test.sportstation.fit/#/confirm-registration?code=8422e1f9-2365-440f-9fa3-1b88555c6642&email=88_user_test@yopmail.com&lang=en,88_user_test@yopmail.com
http://test.sportstation.fit/#/confirm-registration?code=2c7e74e1-0210-4e7c-b879-30625f1cc8e5&email=89_user_test@yopmail.com&lang=en,89_user_test@yopmail.com
http://test.sportstation.fit/#/confirm-registration?code=e966fe2e-ea28-4260-900e-a359b8cc6f02&email=90_user_test@yopmail.com&lang=en,90_user_test@yopmail.com
http://test.sportstation.fit/#/confirm-registration?code=08418442-63ec-4b5a-8d2f-af2c820c08cf&email=91_user_test@yopmail.com&lang=en,91_user_test@yopmail.com
http://test.sportstation.fit/#/confirm-registration?code=7b80c5fd-ad76-4040-9b21-f55cf0124841&email=92_user_test@yopmail.com&lang=en,92_user_test@yopmail.com
http://test.sportstation.fit/#/confirm-registration?code=0b3f3413-19bb-4417-a67e-a8cca33bbfd9&email=93_user_test@yopmail.com&lang=en,93_user_test@yopmail.com
http://test.sportstation.fit/#/confirm-registration?code=70b1a564-27a7-4c2d-81f6-e40183d246c1&email=94_user_test@yopmail.com&lang=en,94_user_test@yopmail.com
http://test.sportstation.fit/#/confirm-registration?code=690428a4-47fc-4724-b05f-f7ce4f3e6c0b&email=95_user_test@yopmail.com&lang=en,95_user_test@yopmail.com
http://test.sportstation.fit/#/confirm-registration?code=2a20baee-e870-4165-962a-2e7138fbf803&email=96_user_test@yopmail.com&lang=en,96_user_test@yopmail.com
http://test.sportstation.fit/#/confirm-registration?code=efbcdd23-d8d1-4e95-b9df-c8e71c12b6b1&email=97_user_test@yopmail.com&lang=en,97_user_test@yopmail.com
http://test.sportstation.fit/#/confirm-registration?code=64ebaea8-9d20-44d9-81cc-170577b07f4a&email=98_user_test@yopmail.com&lang=en,98_user_test@yopmail.com
http://test.sportstation.fit/#/confirm-registration?code=aa0effd7-d672-467c-8474-938054ed66a7&email=99_user_test@yopmail.com&lang=en,99_user_test@yopmail.com
http://test.sportstation.fit/#/confirm-registration?code=8df33cb1-07e2-4996-8679-e9c91d69bd3b&email=100_user_test@yopmail.com&lang=en,100_user_test@yopmail.com
http://test.sportstation.fit/#/confirm-registration?code=f74b0518-5d8f-4053-8ed6-8e0e693171e5&email=101_user_test@yopmail.com&lang=en,101_user_test@yopmail.com
http://test.sportstation.fit/#/confirm-registration?code=d003fa18-c647-48e7-8bea-ba512a04eea9&email=102_user_test@yopmail.com&lang=en,102_user_test@yopmail.com
http://test.sportstation.fit/#/confirm-registration?code=4a404e99-87e6-40c0-a719-25ed24fb834c&email=103_user_test@yopmail.com&lang=en,103_user_test@yopmail.com
http://test.sportstation.fit/#/confirm-registration?code=0325ab6f-a448-4524-ac24-f9fb69693ca1&email=104_user_test@yopmail.com&lang=en,104_user_test@yopmail.com
http://test.sportstation.fit/#/confirm-registration?code=3bedc4ea-fd2b-4a9e-b130-b92ebcf2ada4&email=105_user_test@yopmail.com&lang=en,105_user_test@yopmail.com
http://test.sportstation.fit/#/confirm-registration?code=ac0cfb4f-d71e-4c9d-ad2e-3b524b1ec72e&email=106_user_test@yopmail.com&lang=en,106_user_test@yopmail.com
http://test.sportstation.fit/#/confirm-registration?code=ae9ac9d1-1e2a-47c4-a517-2f80235f081a&email=107_user_test@yopmail.com&lang=en,107_user_test@yopmail.com
http://test.sportstation.fit/#/confirm-registration?code=7324fdcf-3886-4edd-b743-cf793ae4df04&email=108_user_test@yopmail.com&lang=en,108_user_test@yopmail.com
http://test.sportstation.fit/#/confirm-registration?code=f05f0032-1bb3-44ff-a7bc-3c96b096d461&email=109_user_test@yopmail.com&lang=en,109_user_test@yopmail.com
http://test.sportstation.fit/#/confirm-registration?code=e15819e3-3460-4060-a181-6dc6e17d3ced&email=110_user_test@yopmail.com&lang=en,110_user_test@yopmail.com
http://test.sportstation.fit/#/confirm-registration?code=475b1589-8aeb-4c37-8da3-5b8b46cc208e&email=111_user_test@yopmail.com&lang=en,111_user_test@yopmail.com
http://test.sportstation.fit/#/confirm-registration?code=2ccd7f6c-6e12-4531-9c6c-b1765714ca1d&email=112_user_test@yopmail.com&lang=en,112_user_test@yopmail.com
http://test.sportstation.fit/#/confirm-registration?code=4d73aa75-e0d3-43bc-b125-70fc14b7eeb3&email=113_user_test@yopmail.com&lang=en,113_user_test@yopmail.com
http://test.sportstation.fit/#/confirm-registration?code=824213f4-6e64-4ee2-b4e9-42d456243ea9&email=114_user_test@yopmail.com&lang=en,114_user_test@yopmail.com
http://test.sportstation.fit/#/confirm-registration?code=3e2e5a08-d2f0-4cef-834f-5288d71c42a5&email=115_user_test@yopmail.com&lang=en,115_user_test@yopmail.com
http://test.sportstation.fit/#/confirm-registration?code=234c0948-e527-43f9-afd2-2ae10f15168b&email=116_user_test@yopmail.com&lang=en,116_user_test@yopmail.com
http://test.sportstation.fit/#/confirm-registration?code=36ebca27-b56d-42a4-8762-064e04f713a3&email=117_user_test@yopmail.com&lang=en,117_user_test@yopmail.com
http://test.sportstation.fit/#/confirm-registration?code=adbe736b-cb1f-4d0d-8714-933062f95fb1&email=118_user_test@yopmail.com&lang=en,118_user_test@yopmail.com
http://test.sportstation.fit/#/confirm-registration?code=0fcd8d8f-26f8-4280-ba30-ebe5e2fa06e4&email=119_user_test@yopmail.com&lang=en,119_user_test@yopmail.com
http://test.sportstation.fit/#/confirm-registration?code=805cb604-f6d5-4f2d-bec3-ea3081077f87&email=120_user_test@yopmail.com&lang=en,120_user_test@yopmail.com
http://test.sportstation.fit/#/confirm-registration?code=bfbc7e48-0469-412c-b13c-0924fe4c631f&email=121_user_test@yopmail.com&lang=en,121_user_test@yopmail.com
http://test.sportstation.fit/#/confirm-registration?code=f7dde29b-fe48-446e-87eb-331e161b47a3&email=122_user_test@yopmail.com&lang=en,122_user_test@yopmail.com
http://test.sportstation.fit/#/confirm-registration?code=5ada560c-70dd-417d-a96f-5628bd83a597&email=123_user_test@yopmail.com&lang=en,123_user_test@yopmail.com
http://test.sportstation.fit/#/confirm-registration?code=2cc65d89-cb20-4cd0-89b1-877b16d1d04c&email=124_user_test@yopmail.com&lang=en,124_user_test@yopmail.com
http://test.sportstation.fit/#/confirm-registration?code=1fe30bc0-6988-4e54-80ed-5116bb6f5801&email=125_user_test@yopmail.com&lang=en,125_user_test@yopmail.com
http://test.sportstation.fit/#/confirm-registration?code=1f104baf-0a15-46b0-aac1-4f5c71ccd601&email=126_user_test@yopmail.com&lang=en,126_user_test@yopmail.com
http://test.sportstation.fit/#/confirm-registration?code=82bc677b-ab03-4ee5-9c33-62e51e924c5d&email=127_user_test@yopmail.com&lang=en,127_user_test@yopmail.com
http://test.sportstation.fit/#/confirm-registration?code=c41e3895-1293-4641-a1e8-8819d48340cb&email=128_user_test@yopmail.com&lang=en,128_user_test@yopmail.com
http://test.sportstation.fit/#/confirm-registration?code=dc136eab-5525-4b01-9992-056809bde808&email=129_user_test@yopmail.com&lang=en,129_user_test@yopmail.com
http://test.sportstation.fit/#/confirm-registration?code=3769dfc5-a16c-4c69-9314-eacf798e83b8&email=130_user_test@yopmail.com&lang=en,130_user_test@yopmail.com
http://test.sportstation.fit/#/confirm-registration?code=7db13ddd-215f-4b11-a003-48d0ea25f970&email=131_user_test@yopmail.com&lang=en,131_user_test@yopmail.com
http://test.sportstation.fit/#/confirm-registration?code=f71fc884-f81a-4a6c-9b43-5d5131372158&email=132_user_test@yopmail.com&lang=en,132_user_test@yopmail.com
http://test.sportstation.fit/#/confirm-registration?code=723b477f-dd15-472b-b1ce-d7320145e3b7&email=133_user_test@yopmail.com&lang=en,133_user_test@yopmail.com
http://test.sportstation.fit/#/confirm-registration?code=65da9936-bb7f-40cd-a6dd-9507b2e6e74d&email=134_user_test@yopmail.com&lang=en,134_user_test@yopmail.com
http://test.sportstation.fit/#/confirm-registration?code=1e853bf7-fa62-4924-a623-6128b3b102c9&email=135_user_test@yopmail.com&lang=en,135_user_test@yopmail.com
http://test.sportstation.fit/#/confirm-registration?code=83b8fd67-d318-4d22-a6d8-53092d3fa8b4&email=136_user_test@yopmail.com&lang=en,136_user_test@yopmail.com
http://test.sportstation.fit/#/confirm-registration?code=732a0fbf-bd54-447e-b83a-d4718bb7232d&email=137_user_test@yopmail.com&lang=en,137_user_test@yopmail.com
http://test.sportstation.fit/#/confirm-registration?code=783c40ca-055f-462a-8894-b53cf444d6fb&email=138_user_test@yopmail.com&lang=en,138_user_test@yopmail.com
http://test.sportstation.fit/#/confirm-registration?code=f21794b4-42c7-4b6c-afd9-eb3ac0a8d5a0&email=139_user_test@yopmail.com&lang=en,139_user_test@yopmail.com
http://test.sportstation.fit/#/confirm-registration?code=d60235ef-2a5b-40f4-94da-58ccd16dddb1&email=140_user_test@yopmail.com&lang=en,140_user_test@yopmail.com
http://test.sportstation.fit/#/confirm-registration?code=8022c434-0bed-40a5-95d7-eaabb4491b99&email=141_user_test@yopmail.com&lang=en,141_user_test@yopmail.com
http://test.sportstation.fit/#/confirm-registration?code=f1c1fbe2-6531-47b9-a0af-c174527b1e95&email=142_user_test@yopmail.com&lang=en,142_user_test@yopmail.com
http://test.sportstation.fit/#/confirm-registration?code=dfa8ff3c-4e24-432f-8306-d21076823594&email=143_user_test@yopmail.com&lang=en,143_user_test@yopmail.com
http://test.sportstation.fit/#/confirm-registration?code=5fdb5f59-42a0-406b-aed0-09af6f0f718d&email=144_user_test@yopmail.com&lang=en,144_user_test@yopmail.com
http://test.sportstation.fit/#/confirm-registration?code=51d4c17b-3c96-42b4-8668-68bfb694fb02&email=145_user_test@yopmail.com&lang=en,145_user_test@yopmail.com
http://test.sportstation.fit/#/confirm-registration?code=e7e0af63-6d7e-49e1-836d-293a2d2c9ade&email=146_user_test@yopmail.com&lang=en,146_user_test@yopmail.com
http://test.sportstation.fit/#/confirm-registration?code=13ad4b3d-40eb-4af6-a192-9793632490e2&email=147_user_test@yopmail.com&lang=en,147_user_test@yopmail.com
http://test.sportstation.fit/#/confirm-registration?code=2f0e0d1c-aee9-4f14-932d-74b158226749&email=148_user_test@yopmail.com&lang=en,148_user_test@yopmail.com
http://test.sportstation.fit/#/confirm-registration?code=86c8c46d-475a-4350-85fc-31b71a76b8d8&email=149_user_test@yopmail.com&lang=en,149_user_test@yopmail.com
http://test.sportstation.fit/#/confirm-registration?code=1b3ae234-16fb-4ce5-9383-8848288377b3&email=150_user_test@yopmail.com&lang=en,150_user_test@yopmail.com
http://test.sportstation.fit/#/confirm-registration?code=0d4a79e6-dedd-4b46-8a25-ff95cbc97b28&email=151_user_test@yopmail.com&lang=en,151_user_test@yopmail.com
http://test.sportstation.fit/#/confirm-registration?code=b1d16f64-ac91-4568-adcc-619be7431c18&email=152_user_test@yopmail.com&lang=en,152_user_test@yopmail.com
http://test.sportstation.fit/#/confirm-registration?code=a5b05a09-7e0d-4965-bc0c-b0e13823ff78&email=153_user_test@yopmail.com&lang=en,153_user_test@yopmail.com
http://test.sportstation.fit/#/confirm-registration?code=8d0b9d9b-e884-40d0-84ec-af32bc64162a&email=154_user_test@yopmail.com&lang=en,154_user_test@yopmail.com
http://test.sportstation.fit/#/confirm-registration?code=39c99f23-9c06-44f3-96b7-0df4c62f46d6&email=155_user_test@yopmail.com&lang=en,155_user_test@yopmail.com
http://test.sportstation.fit/#/confirm-registration?code=4259c1ca-0041-429e-809c-59289e162ca5&email=156_user_test@yopmail.com&lang=en,156_user_test@yopmail.com
http://test.sportstation.fit/#/confirm-registration?code=2ed6406d-afde-47f3-bfbf-3541391a1d6d&email=157_user_test@yopmail.com&lang=en,157_user_test@yopmail.com
http://test.sportstation.fit/#/confirm-registration?code=5522d224-9d74-4d5e-929a-d7b630c38ed5&email=158_user_test@yopmail.com&lang=en,158_user_test@yopmail.com
http://test.sportstation.fit/#/confirm-registration?code=a2856b57-c643-48c4-9640-ef183a793908&email=159_user_test@yopmail.com&lang=en,159_user_test@yopmail.com
http://test.sportstation.fit/#/confirm-registration?code=05de3c85-d187-4cfa-81c9-46827c234f6e&email=160_user_test@yopmail.com&lang=en,160_user_test@yopmail.com
http://test.sportstation.fit/#/confirm-registration?code=1dec2335-b7fe-4cc3-9769-8896d94e1e82&email=161_user_test@yopmail.com&lang=en,161_user_test@yopmail.com
http://test.sportstation.fit/#/confirm-registration?code=a7e4c64e-4f34-498c-b971-f8ef8a95339a&email=162_user_test@yopmail.com&lang=en,162_user_test@yopmail.com
http://test.sportstation.fit/#/confirm-registration?code=22503c92-e6a1-49b4-ada5-0e8a3ec3be09&email=163_user_test@yopmail.com&lang=en,163_user_test@yopmail.com
http://test.sportstation.fit/#/confirm-registration?code=48e09b07-32a2-4c74-82c2-f873df2b9251&email=164_user_test@yopmail.com&lang=en,164_user_test@yopmail.com
http://test.sportstation.fit/#/confirm-registration?code=e3903456-f64a-459e-a13f-1222cc3e24cd&email=165_user_test@yopmail.com&lang=en,165_user_test@yopmail.com
http://test.sportstation.fit/#/confirm-registration?code=8e78524f-769c-46e9-8224-64667d0cdb31&email=166_user_test@yopmail.com&lang=en,166_user_test@yopmail.com
http://test.sportstation.fit/#/confirm-registration?code=031aa41a-05df-45e8-a67f-8f031e83f300&email=167_user_test@yopmail.com&lang=en,167_user_test@yopmail.com
http://test.sportstation.fit/#/confirm-registration?code=6b75f40f-3e51-4e1c-85cf-af25cb283b64&email=168_user_test@yopmail.com&lang=en,168_user_test@yopmail.com
http://test.sportstation.fit/#/confirm-registration?code=f5e56a06-0d38-4d1d-b3fb-75fe683109fc&email=169_user_test@yopmail.com&lang=en,169_user_test@yopmail.com
http://test.sportstation.fit/#/confirm-registration?code=35dad889-f12d-411c-8465-f224726f886c&email=170_user_test@yopmail.com&lang=en,170_user_test@yopmail.com
http://test.sportstation.fit/#/confirm-registration?code=87396fe3-65e4-49d5-ae7a-ee213f713af1&email=171_user_test@yopmail.com&lang=en,171_user_test@yopmail.com
http://test.sportstation.fit/#/confirm-registration?code=f5edcbb1-5e45-47fc-acde-1ace2c36f572&email=172_user_test@yopmail.com&lang=en,172_user_test@yopmail.com
http://test.sportstation.fit/#/confirm-registration?code=a786265e-241a-4b4a-a344-e2767f317b5d&email=173_user_test@yopmail.com&lang=en,173_user_test@yopmail.com
http://test.sportstation.fit/#/confirm-registration?code=daefa9bd-5cfd-4fcd-81f1-874e5dee3c23&email=174_user_test@yopmail.com&lang=en,174_user_test@yopmail.com
http://test.sportstation.fit/#/confirm-registration?code=33524b9f-805d-459f-93a5-1a92b3c5e5de&email=175_user_test@yopmail.com&lang=en,175_user_test@yopmail.com
http://test.sportstation.fit/#/confirm-registration?code=efae3f38-3adf-43ec-8d0c-6caf43f8436d&email=176_user_test@yopmail.com&lang=en,176_user_test@yopmail.com
http://test.sportstation.fit/#/confirm-registration?code=4eee74ac-c547-4dd7-8e1d-cc5d2f52b0be&email=177_user_test@yopmail.com&lang=en,177_user_test@yopmail.com
http://test.sportstation.fit/#/confirm-registration?code=e7bd0c1c-6f20-4378-9c34-abdd5925511b&email=178_user_test@yopmail.com&lang=en,178_user_test@yopmail.com
http://test.sportstation.fit/#/confirm-registration?code=c9107851-0b38-4d4c-9547-19a583fad3e4&email=179_user_test@yopmail.com&lang=en,179_user_test@yopmail.com
http://test.sportstation.fit/#/confirm-registration?code=533deed9-ef44-4924-8b1b-5551a54d51e4&email=180_user_test@yopmail.com&lang=en,180_user_test@yopmail.com
http://test.sportstation.fit/#/confirm-registration?code=9785e296-d40f-4cc3-8a93-2965f6de331d&email=181_user_test@yopmail.com&lang=en,181_user_test@yopmail.com
http://test.sportstation.fit/#/confirm-registration?code=28cf359e-c234-411b-9c5d-c09302844e3c&email=182_user_test@yopmail.com&lang=en,182_user_test@yopmail.com
http://test.sportstation.fit/#/confirm-registration?code=e3ac2d2b-3167-4d9d-a557-9269474f9a7b&email=183_user_test@yopmail.com&lang=en,183_user_test@yopmail.com
http://test.sportstation.fit/#/confirm-registration?code=2eb8c303-c6c2-48c7-8b3f-fe3e41b63013&email=184_user_test@yopmail.com&lang=en,184_user_test@yopmail.com
http://test.sportstation.fit/#/confirm-registration?code=4e55cb68-9bc4-4593-8da7-16ae9057f13c&email=185_user_test@yopmail.com&lang=en,185_user_test@yopmail.com
http://test.sportstation.fit/#/confirm-registration?code=2426667d-3386-462d-adf7-6ed77f9cf1ed&email=186_user_test@yopmail.com&lang=en,186_user_test@yopmail.com
http://test.sportstation.fit/#/confirm-registration?code=83fb7cc2-184e-472f-87f0-e97925519f0a&email=187_user_test@yopmail.com&lang=en,187_user_test@yopmail.com
http://test.sportstation.fit/#/confirm-registration?code=9b2106d5-51c4-44bb-b9f9-076329b92e95&email=188_user_test@yopmail.com&lang=en,188_user_test@yopmail.com
http://test.sportstation.fit/#/confirm-registration?code=5ac6fb9b-6be0-4b97-985d-6e2c790028b2&email=189_user_test@yopmail.com&lang=en,189_user_test@yopmail.com
http://test.sportstation.fit/#/confirm-registration?code=6a1dc5f0-b793-447c-a83d-946ce0239456&email=190_user_test@yopmail.com&lang=en,190_user_test@yopmail.com
http://test.sportstation.fit/#/confirm-registration?code=070b805d-ac64-42ac-91eb-7a2559210401&email=191_user_test@yopmail.com&lang=en,191_user_test@yopmail.com
http://test.sportstation.fit/#/confirm-registration?code=eff0262e-e1b6-4122-9208-62c4329d711d&email=192_user_test@yopmail.com&lang=en,192_user_test@yopmail.com
http://test.sportstation.fit/#/confirm-registration?code=7c6a8a60-955c-472e-8b7e-b35353b61185&email=193_user_test@yopmail.com&lang=en,193_user_test@yopmail.com
http://test.sportstation.fit/#/confirm-registration?code=fdfdfafd-33c4-4edc-9eb5-cc494a68feda&email=194_user_test@yopmail.com&lang=en,194_user_test@yopmail.com
http://test.sportstation.fit/#/confirm-registration?code=1a5ed079-325b-4497-887a-60394c0e43e2&email=195_user_test@yopmail.com&lang=en,195_user_test@yopmail.com
http://test.sportstation.fit/#/confirm-registration?code=f859f888-ce3d-4455-92d1-6f5663cd86ba&email=196_user_test@yopmail.com&lang=en,196_user_test@yopmail.com
http://test.sportstation.fit/#/confirm-registration?code=f5a07d87-0354-4681-9d92-c1d9863b4617&email=197_user_test@yopmail.com&lang=en,197_user_test@yopmail.com
http://test.sportstation.fit/#/confirm-registration?code=2f83d623-3dcb-413e-960a-6c9ed30d2120&email=198_user_test@yopmail.com&lang=en,198_user_test@yopmail.com
http://test.sportstation.fit/#/confirm-registration?code=de270d84-46fe-4577-9943-d1f45f90db99&email=199_user_test@yopmail.com&lang=en,199_user_test@yopmail.com
http://test.sportstation.fit/#/confirm-registration?code=ae71ed10-00eb-4e63-8bbd-cbd44c5e9c3f&email=200_user_test@yopmail.com&lang=en,200_user_test@yopmail.com
http://test.sportstation.fit/#/confirm-registration?code=c0155e95-b423-4034-a374-d1756a810adf&email=201_user_test@yopmail.com&lang=en,201_user_test@yopmail.com
http://test.sportstation.fit/#/confirm-registration?code=7836ff6e-c7f7-4bba-8b45-2bb248e8243e&email=202_user_test@yopmail.com&lang=en,202_user_test@yopmail.com
http://test.sportstation.fit/#/confirm-registration?code=cf488505-569b-48ad-b0b2-68d54e3ca1f8&email=203_user_test@yopmail.com&lang=en,203_user_test@yopmail.com
http://test.sportstation.fit/#/confirm-registration?code=fdd4625d-c6d8-4e8a-b6af-513b243c2f10&email=204_user_test@yopmail.com&lang=en,204_user_test@yopmail.com
http://test.sportstation.fit/#/confirm-registration?code=e7eeb24a-f550-4532-8a7a-a8442ff4f277&email=205_user_test@yopmail.com&lang=en,205_user_test@yopmail.com
http://test.sportstation.fit/#/confirm-registration?code=b6aa66d0-0279-4738-b486-fba0bb13fd4d&email=206_user_test@yopmail.com&lang=en,206_user_test@yopmail.com
http://test.sportstation.fit/#/confirm-registration?code=68e336ad-de21-49f8-b904-3c139318a954&email=207_user_test@yopmail.com&lang=en,207_user_test@yopmail.com
http://test.sportstation.fit/#/confirm-registration?code=c48a42a6-b0f4-46b1-bdc9-d38360d2605c&email=208_user_test@yopmail.com&lang=en,208_user_test@yopmail.com
http://test.sportstation.fit/#/confirm-registration?code=b836e11c-84cb-471f-9174-cc7cb5b39db1&email=209_user_test@yopmail.com&lang=en,209_user_test@yopmail.com
http://test.sportstation.fit/#/confirm-registration?code=33742da7-e5e7-416c-8642-fb2bbe888d52&email=210_user_test@yopmail.com&lang=en,210_user_test@yopmail.com
http://test.sportstation.fit/#/confirm-registration?code=992bfe5e-5621-4977-a408-c0ec7d7f9fcd&email=211_user_test@yopmail.com&lang=en,211_user_test@yopmail.com
http://test.sportstation.fit/#/confirm-registration?code=7269e874-c7be-4efe-b1ce-798ce0376103&email=212_user_test@yopmail.com&lang=en,212_user_test@yopmail.com
http://test.sportstation.fit/#/confirm-registration?code=c5f93585-a5d7-4bf7-b107-c51a42d27160&email=213_user_test@yopmail.com&lang=en,213_user_test@yopmail.com
http://test.sportstation.fit/#/confirm-registration?code=acac6fef-bcdb-4070-b126-c1275d9c8cd1&email=214_user_test@yopmail.com&lang=en,214_user_test@yopmail.com
http://test.sportstation.fit/#/confirm-registration?code=a5ab3e25-03e0-4404-991f-12a096fe93d5&email=215_user_test@yopmail.com&lang=en,215_user_test@yopmail.com
http://test.sportstation.fit/#/confirm-registration?code=171c600c-7c57-42f3-9ce1-6efecef9e47c&email=216_user_test@yopmail.com&lang=en,216_user_test@yopmail.com
http://test.sportstation.fit/#/confirm-registration?code=5d554d12-ed18-4037-849b-0106b618a2ad&email=217_user_test@yopmail.com&lang=en,217_user_test@yopmail.com
http://test.sportstation.fit/#/confirm-registration?code=dabb976c-8084-4796-b29e-cce449b3635f&email=218_user_test@yopmail.com&lang=en,218_user_test@yopmail.com
http://test.sportstation.fit/#/confirm-registration?code=66a30fb2-c9dc-4c53-8943-318da297b0e3&email=219_user_test@yopmail.com&lang=en,219_user_test@yopmail.com
http://test.sportstation.fit/#/confirm-registration?code=fc9088b6-a93c-4a4e-9503-e08c8941ce11&email=220_user_test@yopmail.com&lang=en,220_user_test@yopmail.com
http://test.sportstation.fit/#/confirm-registration?code=76594e4d-7ef4-436b-b809-a7d968ace124&email=221_user_test@yopmail.com&lang=en,221_user_test@yopmail.com
http://test.sportstation.fit/#/confirm-registration?code=3dde432b-6357-4b36-9e94-3d9467fed7e8&email=222_user_test@yopmail.com&lang=en,222_user_test@yopmail.com
http://test.sportstation.fit/#/confirm-registration?code=f39bdab2-949e-40a9-b8f4-9e2b9a8fd998&email=223_user_test@yopmail.com&lang=en,223_user_test@yopmail.com
http://test.sportstation.fit/#/confirm-registration?code=18adf70f-556a-48e2-99b1-2c628858727d&email=224_user_test@yopmail.com&lang=en,224_user_test@yopmail.com
http://test.sportstation.fit/#/confirm-registration?code=430ecd15-bbe9-41a8-bf8a-048772547b61&email=225_user_test@yopmail.com&lang=en,225_user_test@yopmail.com
http://test.sportstation.fit/#/confirm-registration?code=f715fa86-6526-45c4-b2ce-153be18c2c88&email=226_user_test@yopmail.com&lang=en,226_user_test@yopmail.com
http://test.sportstation.fit/#/confirm-registration?code=4764be19-28ad-4ed1-9a74-951c7b38500e&email=227_user_test@yopmail.com&lang=en,227_user_test@yopmail.com
http://test.sportstation.fit/#/confirm-registration?code=3c032793-b41f-45ec-8cdf-39fc5f57e57e&email=228_user_test@yopmail.com&lang=en,228_user_test@yopmail.com
http://test.sportstation.fit/#/confirm-registration?code=abad5643-5a6e-4564-ba51-51e197707be5&email=229_user_test@yopmail.com&lang=en,229_user_test@yopmail.com
http://test.sportstation.fit/#/confirm-registration?code=b8253cd3-e541-4437-867d-5eaea9c40bb5&email=230_user_test@yopmail.com&lang=en,230_user_test@yopmail.com
http://test.sportstation.fit/#/confirm-registration?code=7098e5e8-e051-4980-b942-6a8d9b3233da&email=231_user_test@yopmail.com&lang=en,231_user_test@yopmail.com
http://test.sportstation.fit/#/confirm-registration?code=f57ca92c-9bea-48d7-a15e-0047b95f7e28&email=232_user_test@yopmail.com&lang=en,232_user_test@yopmail.com
http://test.sportstation.fit/#/confirm-registration?code=06f3365a-d632-45e3-b37e-4541417313da&email=233_user_test@yopmail.com&lang=en,233_user_test@yopmail.com
http://test.sportstation.fit/#/confirm-registration?code=8409439f-a300-4000-8a9c-6db928a72f5f&email=234_user_test@yopmail.com&lang=en,234_user_test@yopmail.com
http://test.sportstation.fit/#/confirm-registration?code=534d9e36-a74a-45a0-a9b9-379f1b984b3f&email=235_user_test@yopmail.com&lang=en,235_user_test@yopmail.com
http://test.sportstation.fit/#/confirm-registration?code=34eca2a9-e2f0-407a-a4b3-3d066589e47b&email=236_user_test@yopmail.com&lang=en,236_user_test@yopmail.com
http://test.sportstation.fit/#/confirm-registration?code=bf007a3c-06cf-4c75-9e31-1b4131816ec3&email=237_user_test@yopmail.com&lang=en,237_user_test@yopmail.com
http://test.sportstation.fit/#/confirm-registration?code=8242e673-e7c7-4cbe-8fc5-757063955db2&email=238_user_test@yopmail.com&lang=en,238_user_test@yopmail.com
http://test.sportstation.fit/#/confirm-registration?code=504c5607-0c5a-4e32-ac4e-7011f0226ad0&email=239_user_test@yopmail.com&lang=en,239_user_test@yopmail.com
http://test.sportstation.fit/#/confirm-registration?code=fb93ea81-78a3-48c3-ba01-c1935a7aef0d&email=240_user_test@yopmail.com&lang=en,240_user_test@yopmail.com
http://test.sportstation.fit/#/confirm-registration?code=a46cd77c-eb65-4254-b8db-147a8ca5d507&email=241_user_test@yopmail.com&lang=en,241_user_test@yopmail.com
http://test.sportstation.fit/#/confirm-registration?code=d294c962-efd4-47bc-8e6f-64228858e139&email=242_user_test@yopmail.com&lang=en,242_user_test@yopmail.com
http://test.sportstation.fit/#/confirm-registration?code=52f7cf27-ee66-4f97-97c3-93c8d0f5a329&email=243_user_test@yopmail.com&lang=en,243_user_test@yopmail.com
http://test.sportstation.fit/#/confirm-registration?code=0722335b-98c5-4525-aa44-2f0f93a1a9f8&email=244_user_test@yopmail.com&lang=en,244_user_test@yopmail.com
http://test.sportstation.fit/#/confirm-registration?code=8d69d8a7-9be7-4eaf-9dee-5e6b418d7f5e&email=245_user_test@yopmail.com&lang=en,245_user_test@yopmail.com
http://test.sportstation.fit/#/confirm-registration?code=fa3ddb65-47f6-4716-a7d8-ca460bfd7682&email=246_user_test@yopmail.com&lang=en,246_user_test@yopmail.com
http://test.sportstation.fit/#/confirm-registration?code=caf88b11-97ac-4e67-be99-c51f1907664c&email=247_user_test@yopmail.com&lang=en,247_user_test@yopmail.com
http://test.sportstation.fit/#/confirm-registration?code=33091b95-85fa-43b4-8a5a-35f657032838&email=248_user_test@yopmail.com&lang=en,248_user_test@yopmail.com
http://test.sportstation.fit/#/confirm-registration?code=49333c48-6298-48ea-815e-95376a847951&email=249_user_test@yopmail.com&lang=en,249_user_test@yopmail.com
http://test.sportstation.fit/#/confirm-registration?code=4e5dd1f2-dbda-4ad9-a815-fc94574951a2&email=250_user_test@yopmail.com&lang=en,250_user_test@yopmail.com
http://test.sportstation.fit/#/confirm-registration?code=48899daf-e605-4619-a6ee-b878478d8abc&email=251_user_test@yopmail.com&lang=en,251_user_test@yopmail.com
http://test.sportstation.fit/#/confirm-registration?code=e31a0cbd-c953-4269-8c0c-fa651a40ee46&email=252_user_test@yopmail.com&lang=en,252_user_test@yopmail.com
http://test.sportstation.fit/#/confirm-registration?code=f65c7380-0004-4752-9c43-ed3cc5acf4c6&email=253_user_test@yopmail.com&lang=en,253_user_test@yopmail.com
http://test.sportstation.fit/#/confirm-registration?code=fade8ee6-d9df-4167-95ff-7e20c417f72c&email=254_user_test@yopmail.com&lang=en,254_user_test@yopmail.com
http://test.sportstation.fit/#/confirm-registration?code=cc6e946e-540f-491d-8592-e0345dcd1714&email=255_user_test@yopmail.com&lang=en,255_user_test@yopmail.com
http://test.sportstation.fit/#/confirm-registration?code=f8c05f68-a7a4-460f-9d5c-0ff4a6161f37&email=256_user_test@yopmail.com&lang=en,256_user_test@yopmail.com
http://test.sportstation.fit/#/confirm-registration?code=b36004ff-7337-4e40-9d7e-c28532e0dfd2&email=257_user_test@yopmail.com&lang=en,257_user_test@yopmail.com
http://test.sportstation.fit/#/confirm-registration?code=efeac3d4-0da9-4869-9679-0a96b4b90113&email=258_user_test@yopmail.com&lang=en,258_user_test@yopmail.com
http://test.sportstation.fit/#/confirm-registration?code=49e4ad6f-b50d-499b-83be-901d286abcba&email=259_user_test@yopmail.com&lang=en,259_user_test@yopmail.com
http://test.sportstation.fit/#/confirm-registration?code=d75df503-940b-4eeb-af3f-19c29797bac6&email=260_user_test@yopmail.com&lang=en,260_user_test@yopmail.com
http://test.sportstation.fit/#/confirm-registration?code=64d0fb4a-90eb-4336-9855-45a0224bb459&email=261_user_test@yopmail.com&lang=en,261_user_test@yopmail.com
http://test.sportstation.fit/#/confirm-registration?code=87a5464f-0565-4b44-8035-d4e7966e9689&email=262_user_test@yopmail.com&lang=en,262_user_test@yopmail.com
http://test.sportstation.fit/#/confirm-registration?code=36fc140f-d4cf-4f8b-92b4-098599a509d2&email=263_user_test@yopmail.com&lang=en,263_user_test@yopmail.com
http://test.sportstation.fit/#/confirm-registration?code=c1cca8ee-b86e-48e3-a121-7a31e9ed1ae0&email=264_user_test@yopmail.com&lang=en,264_user_test@yopmail.com
http://test.sportstation.fit/#/confirm-registration?code=b2934045-b1b0-4574-bd7a-581cfe242e3f&email=265_user_test@yopmail.com&lang=en,265_user_test@yopmail.com
http://test.sportstation.fit/#/confirm-registration?code=337b6a48-f863-4c40-b990-da925c4e32aa&email=266_user_test@yopmail.com&lang=en,266_user_test@yopmail.com
http://test.sportstation.fit/#/confirm-registration?code=4f2041e2-ab54-4117-a5ec-f34640dff2ab&email=267_user_test@yopmail.com&lang=en,267_user_test@yopmail.com
http://test.sportstation.fit/#/confirm-registration?code=8d56e845-9f90-42a5-93e8-6c0f213f9fe9&email=268_user_test@yopmail.com&lang=en,268_user_test@yopmail.com
http://test.sportstation.fit/#/confirm-registration?code=6d825407-f220-44d5-8e47-0955d9d3ab95&email=269_user_test@yopmail.com&lang=en,269_user_test@yopmail.com
http://test.sportstation.fit/#/confirm-registration?code=2d50fb66-dd44-467d-8857-8ad5ce18d0e8&email=270_user_test@yopmail.com&lang=en,270_user_test@yopmail.com
http://test.sportstation.fit/#/confirm-registration?code=bd481033-1080-43cf-9344-934eda1ba687&email=271_user_test@yopmail.com&lang=en,271_user_test@yopmail.com
http://test.sportstation.fit/#/confirm-registration?code=630a8c74-9001-4fb9-82e5-2e5378268329&email=272_user_test@yopmail.com&lang=en,272_user_test@yopmail.com
http://test.sportstation.fit/#/confirm-registration?code=f51fc39a-3035-4c70-ae65-d762eb0583d9&email=273_user_test@yopmail.com&lang=en,273_user_test@yopmail.com
http://test.sportstation.fit/#/confirm-registration?code=7f1ba2cf-8fb7-4dc5-b69d-ca02a6082986&email=274_user_test@yopmail.com&lang=en,274_user_test@yopmail.com
http://test.sportstation.fit/#/confirm-registration?code=e7c172a6-9476-4908-80c4-ff35b549e3ff&email=275_user_test@yopmail.com&lang=en,275_user_test@yopmail.com
http://test.sportstation.fit/#/confirm-registration?code=152d071a-2b6d-4c8f-a922-e5ae18595873&email=276_user_test@yopmail.com&lang=en,276_user_test@yopmail.com
http://test.sportstation.fit/#/confirm-registration?code=eca3f400-99ab-4707-b19f-1860ea611aeb&email=277_user_test@yopmail.com&lang=en,277_user_test@yopmail.com
http://test.sportstation.fit/#/confirm-registration?code=8c6074e7-9f0f-4bcd-88da-9aa295dfec07&email=278_user_test@yopmail.com&lang=en,278_user_test@yopmail.com
http://test.sportstation.fit/#/confirm-registration?code=c1f83044-d192-4c43-b612-f6c2f2735c0a&email=279_user_test@yopmail.com&lang=en,279_user_test@yopmail.com
http://test.sportstation.fit/#/confirm-registration?code=07fd82c2-f462-4d64-ad46-0fa95b172448&email=280_user_test@yopmail.com&lang=en,280_user_test@yopmail.com
http://test.sportstation.fit/#/confirm-registration?code=b2b7269d-6e47-4df6-a70e-971e0dcd0edd&email=281_user_test@yopmail.com&lang=en,281_user_test@yopmail.com
http://test.sportstation.fit/#/confirm-registration?code=17f10ead-25d4-4beb-a030-d81a41eea0d3&email=282_user_test@yopmail.com&lang=en,282_user_test@yopmail.com
http://test.sportstation.fit/#/confirm-registration?code=c9071db9-efda-4c37-bb81-f6423efcc4c6&email=283_user_test@yopmail.com&lang=en,283_user_test@yopmail.com
http://test.sportstation.fit/#/confirm-registration?code=0731b1e7-ed20-4259-89cd-e5e91d7fe99c&email=284_user_test@yopmail.com&lang=en,284_user_test@yopmail.com
http://test.sportstation.fit/#/confirm-registration?code=10f0de0c-95f9-4d0a-8ead-cbec4e3547af&email=285_user_test@yopmail.com&lang=en,285_user_test@yopmail.com
http://test.sportstation.fit/#/confirm-registration?code=9550533b-726e-4a17-b358-7dcc0d70578a&email=286_user_test@yopmail.com&lang=en,286_user_test@yopmail.com
http://test.sportstation.fit/#/confirm-registration?code=07bf46e8-168d-4919-9805-2dc321120024&email=287_user_test@yopmail.com&lang=en,287_user_test@yopmail.com
http://test.sportstation.fit/#/confirm-registration?code=4d9bcead-175f-4ef0-bf36-b6fd35a69417&email=288_user_test@yopmail.com&lang=en,288_user_test@yopmail.com
http://test.sportstation.fit/#/confirm-registration?code=592164aa-299b-4460-b6c2-6fee447c8ed8&email=289_user_test@yopmail.com&lang=en,289_user_test@yopmail.com
http://test.sportstation.fit/#/confirm-registration?code=902cf4e2-69bd-4a37-8084-f3d38a334ef8&email=290_user_test@yopmail.com&lang=en,290_user_test@yopmail.com
http://test.sportstation.fit/#/confirm-registration?code=a3e0a087-2fd8-47a0-9ba0-73f3d1c5a480&email=291_user_test@yopmail.com&lang=en,291_user_test@yopmail.com
http://test.sportstation.fit/#/confirm-registration?code=729a2f17-a211-4150-8a77-465dec24a2e1&email=292_user_test@yopmail.com&lang=en,292_user_test@yopmail.com
http://test.sportstation.fit/#/confirm-registration?code=f7c4f78f-4211-4c98-974b-9bcfdedfa30d&email=293_user_test@yopmail.com&lang=en,293_user_test@yopmail.com
http://test.sportstation.fit/#/confirm-registration?code=b3b3ac94-5438-411d-b52f-1edac12cb10a&email=294_user_test@yopmail.com&lang=en,294_user_test@yopmail.com
http://test.sportstation.fit/#/confirm-registration?code=628d2837-2c81-4b6a-9f85-1637fa14def0&email=295_user_test@yopmail.com&lang=en,295_user_test@yopmail.com
http://test.sportstation.fit/#/confirm-registration?code=17280c9a-0242-4a6c-8e95-bcd44db54cc4&email=296_user_test@yopmail.com&lang=en,296_user_test@yopmail.com
http://test.sportstation.fit/#/confirm-registration?code=8664c745-cd5b-4a84-ae93-60f62eaa1f22&email=297_user_test@yopmail.com&lang=en,297_user_test@yopmail.com
http://test.sportstation.fit/#/confirm-registration?code=0487a7cc-9174-43d0-8864-d180563b0732&email=298_user_test@yopmail.com&lang=en,298_user_test@yopmail.com
http://test.sportstation.fit/#/confirm-registration?code=758e8182-3e15-4216-97d9-4a3ac3ec0f7f&email=299_user_test@yopmail.com&lang=en,299_user_test@yopmail.com
http://test.sportstation.fit/#/confirm-registration?code=9bb69100-9874-4019-a2d0-f0a2f0726c5f&email=300_user_test@yopmail.com&lang=en,300_user_test@yopmail.com
